Segment,TotalSales
Consumer,9547.94286504069
Corporate,5584.23137057342
Home Office,3260.2853253359
